Bridge Length (m),Number of Lanes,Soil Type,Avg. Annual Precipitation (mm),Avg. Temperature (C),Concrete Strength (MPa),Construction Duration (days),Cost of Construction (USD),Bridge Surface Area (m^2)
84.45,5,Clay,1467.93,2.2,33.35,317,304231.12,422.25
191.51,1,Sand,279.76,-28.59,49.7,359,83101.93,191.51
165.32,7,Sand,3169.17,-7.86,81.89,66,63856.5,1157.24
70.14,6,Clay,680.27,10.38,17.85,250,174383.47,420.84
108.49,7,Sand,1629.31,37.5,64.18,66,318854.28,759.43
156.81,1,Clay,2448.45,-27.79,54.39,211,120710.77,156.81
47.77,5,Gravel,233.92,-23.8,87.49,102,107343.97,238.85
140.22,5,Gravel,353.69,-15.38,61.85,334,316616.76,701.1
98.6,1,Clay,3921.66,18.67,84.91,445,88159.25,98.6
183.9,8,Clay,3851.0,-25.24,73.67,151,460941.67,1471.2
145.99,2,Sand,570.88,40.36,93.45,384,101898.1,291.98
170.11,2,Sand,3283.83,29.05,32.67,94,96033.9,340.22
199.35,6,Clay,3705.71,36.57,83.39,31,65462.55,1196.1
140.08,8,Gravel,2022.91,-29.53,35.8,75,448188.76,1120.64
60.25,2,Clay,4721.78,-22.36,59.05,371,107878.83,120.5
109.24,3,Gravel,172.73,-6.22,68.33,207,165619.86,327.72
190.13,10,Gravel,4842.9,47.69,47.46,100,761128.42,1901.3
184.9,8,Sand,4630.53,-0.09,89.67,369,1230324.6,1479.2
77.37,10,Gravel,1454.94,-2.37,40.54,359,150291.22,773.7
178.94,1,Sand,2821.87,46.58,59.4,165,88790.03,178.94
152.02,3,Gravel,4500.23,15.57,88.27,215,265586.54,456.06
178.48,3,Sand,3273.74,-21.38,99.48,154,301581.23,535.44
132.53,9,Sand,1843.16,32.99,82.19,279,317121.76,1192.77
29.1,1,Gravel,1412.88,43.43,85.56,436,13148.84,29.1
53.0,5,Gravel,1578.92,-8.57,71.81,157,190463.45,265.0
127.95,6,Clay,1618.28,-29.88,42.44,304,207916.19,767.7
18.72,10,Gravel,3591.48,2.37,65.86,230,140944.75,187.2
199.01,1,Clay,1045.34,35.2,37.58,312,121095.59,199.01
107.56,5,Gravel,4031.88,-10.73,36.07,105,451622.93,537.8
153.87,1,Clay,401.94,46.44,18.65,439,77133.49,153.87
28.16,8,Gravel,3846.98,38.35,34.19,100,192139.06,225.28
88.5,5,Sand,3890.74,35.96,37.12,337,294634.2,442.5
34.98,1,Clay,528.4,45.85,81.12,235,23878.4,34.98
159.45,2,Clay,818.64,19.29,27.74,444,117300.99,318.9
86.9,10,Clay,3564.14,13.57,18.12,340,182446.55,869.0
116.69,8,Sand,4777.53,-9.7,70.57,498,568588.36,933.52
163.11,3,Clay,656.16,-14.78,89.14,345,474312.46,489.33
146.43,9,Sand,1301.52,-0.61,52.73,140,1191987.06,1317.87
145.74,9,Gravel,1840.27,44.06,28.88,419,228779.74,1311.66
170.71,9,Clay,2281.91,29.81,75.95,286,846981.08,1536.39
45.8,5,Sand,4134.67,-24.62,57.31,416,27251.0,229.0
159.35,10,Sand,4275.27,37.59,35.49,201,693315.91,1593.5
158.52,2,Clay,1687.94,0.4,59.4,249,118576.13,317.04
171.2,4,Sand,2052.43,3.08,90.02,41,50634.11,684.8
140.51,6,Clay,533.87,-11.63,79.54,89,402409.4,843.06
180.11,8,Sand,4795.09,-6.38,20.49,322,638482.75,1440.88
189.94,9,Sand,1575.81,-26.96,66.54,493,556326.66,1709.46
101.23,1,Clay,205.21,12.3,60.89,302,31405.6,101.23
190.01,10,Sand,4894.74,-16.04,16.36,493,1192597.76,1900.1
138.8,9,Sand,1015.49,16.44,19.47,205,155038.21,1249.2
125.85,8,Gravel,1272.19,4.07,11.07,272,464104.6,1006.8
13.64,1,Gravel,3350.69,10.48,62.05,238,3526.62,13.64
38.69,9,Clay,1101.23,-25.85,37.04,273,115497.77,348.21
170.54,10,Gravel,1736.53,49.31,21.22,440,1378167.85,1705.4
10.93,8,Gravel,272.97,22.39,36.78,197,52108.99,87.44
65.36,2,Sand,2284.27,10.85,79.36,63,58506.35,130.72
199.18,8,Clay,562.51,2.67,50.26,198,1458411.89,1593.44
73.06,4,Gravel,4408.13,-4.34,81.54,263,220299.28,292.24
161.57,9,Clay,2741.04,3.49,89.13,260,1376057.76,1454.13
146.75,1,Sand,1631.55,32.32,38.98,338,26089.22,146.75
161.5,5,Sand,3625.15,36.43,40.62,419,594610.7,807.5
166.32,4,Sand,3989.54,46.38,44.57,461,498753.76,665.28
131.38,9,Gravel,3908.64,-3.19,33.92,224,251488.91,1182.42
60.59,2,Sand,1323.88,35.83,56.55,156,59173.41,121.18
110.34,5,Gravel,3840.11,38.96,88.73,48,244590.68,551.7
47.13,2,Sand,2585.07,-28.46,75.96,320,13379.26,94.26
48.61,3,Gravel,1516.84,-25.0,52.55,219,123726.55,145.83
134.59,10,Clay,1621.84,42.4,82.83,390,597969.91,1345.9
120.52,8,Gravel,4598.27,-11.22,18.84,386,438577.1,964.16
34.48,8,Clay,3006.95,-22.19,70.55,469,219138.33,275.84
25.52,6,Gravel,3971.97,-18.18,41.41,461,12070.45,153.12
125.56,6,Clay,3881.31,-8.79,44.62,240,232848.51,753.36
135.14,9,Sand,2916.64,-2.94,96.28,352,292315.93,1216.26
109.84,7,Clay,1342.58,-20.76,23.52,384,633503.3,768.88
30.72,4,Clay,1384.94,1.05,52.96,182,40501.25,122.88
160.89,3,Clay,3660.85,-7.87,15.98,246,398994.33,482.67
138.47,2,Sand,1148.07,-9.23,96.57,186,141898.52,276.94
128.46,4,Gravel,892.1,-23.56,97.15,312,371028.45,513.84
187.65,3,Sand,3660.55,10.98,16.35,367,166278.54,562.95
97.88,4,Gravel,322.86,10.55,71.33,220,159387.79,391.52
48.44,6,Sand,2341.73,-11.99,83.18,377,167199.38,290.64
23.97,7,Gravel,4391.49,20.51,38.78,374,38309.81,167.79
88.99,7,Clay,1822.62,7.27,48.68,405,265224.91,622.93
34.32,9,Gravel,1731.45,1.4,40.13,481,146199.08,308.88
79.3,5,Sand,310.74,-2.09,47.42,309,239910.26,396.5
24.34,7,Gravel,197.66,-27.27,72.16,92,53712.3,170.38
191.25,6,Sand,3058.5,35.9,96.17,75,167454.68,1147.5
101.08,7,Clay,4722.43,29.65,20.9,341,468234.91,707.56
63.84,10,Clay,2796.23,-2.84,55.98,66,463791.22,638.4
85.23,10,Clay,3645.8,25.1,52.73,175,714218.88,852.3
118.43,1,Gravel,2687.06,-8.94,39.88,158,104882.79,118.43
199.18,1,Clay,1772.63,44.31,44.91,390,165793.45,199.18
139.22,5,Clay,1377.67,2.63,99.16,500,415947.59,696.1
189.38,10,Gravel,3769.01,48.79,28.39,450,625067.63,1893.8
152.09,5,Sand,4948.7,8.81,51.85,162,623112.73,760.45
178.27,4,Clay,1380.41,21.66,48.22,324,596676.82,713.08
51.95,2,Gravel,1750.56,-25.06,68.89,217,75102.04,103.9
174.1,2,Sand,4302.92,-4.76,77.77,447,134318.15,348.2
33.54,7,Sand,3758.11,-13.26,95.68,459,127314.15,234.78
149.62,6,Clay,951.7,17.87,49.96,255,490541.14,897.72
192.08,10,Clay,138.33,-26.83,49.14,266,562391.03,1920.8
152.69,5,Sand,298.33,-26.06,98.65,141,506274.23,763.45
101.58,6,Gravel,4817.35,35.57,42.96,429,364682.36,609.48
17.77,7,Gravel,3465.19,0.08,62.61,166,51080.75,124.39
118.09,9,Clay,3050.53,-22.23,54.44,342,971631.53,1062.81
162.68,5,Gravel,2475.23,-20.31,40.43,332,686639.74,813.4
92.42,10,Gravel,2112.74,21.03,98.47,355,812519.67,924.2
121.46,9,Sand,3107.61,33.46,58.88,202,947555.61,1093.14
16.91,4,Sand,3167.52,7.24,41.2,292,21454.73,67.64
161.99,10,Sand,3269.91,0.46,90.7,387,581382.11,1619.9
33.48,6,Sand,1976.53,1.2,96.73,106,38167.2,200.88
186.33,8,Clay,3600.89,-14.67,87.83,258,263232.12,1490.64
84.06,2,Gravel,3547.83,30.96,31.11,86,132007.82,168.12
177.36,2,Clay,4368.32,-20.82,82.95,109,140043.46,354.72
49.28,7,Gravel,4275.82,37.87,63.82,384,18006.91,344.96
198.39,1,Sand,1221.3,35.89,46.13,199,105327.23,198.39
93.13,8,Gravel,4719.27,-9.29,86.84,338,238718.27,745.04
152.19,2,Clay,4054.92,35.65,53.8,442,56864.27,304.38
70.88,9,Gravel,162.13,20.72,68.99,364,365534.54,637.92
145.18,7,Clay,345.91,25.93,61.1,480,970802.69,1016.26
91.5,6,Gravel,4683.44,-8.42,63.34,477,429669.36,549.0
190.17,5,Sand,2034.71,3.09,65.25,456,398919.61,950.85
152.58,4,Sand,2106.15,-25.1,95.69,36,352398.77,610.32
20.62,2,Gravel,296.03,24.14,11.69,122,12094.45,41.24
24.9,9,Gravel,2315.23,-5.33,35.34,98,157582.64,224.1
181.31,2,Sand,1205.09,46.13,37.08,285,168505.89,362.62
134.51,10,Clay,2894.33,-17.25,42.1,160,490759.74,1345.1
138.86,7,Gravel,4709.08,28.17,85.8,208,958596.4,972.02
44.38,4,Gravel,1179.76,41.34,43.24,93,16512.91,177.52
94.89,8,Clay,4704.09,24.69,23.84,240,162034.16,759.12
104.29,7,Gravel,3772.99,7.24,93.88,482,578242.16,730.03
181.65,1,Clay,1167.79,-2.5,74.39,411,112681.13,181.65
14.59,7,Sand,1775.14,17.98,11.69,359,17685.85,102.13
49.83,5,Clay,3433.13,4.76,40.65,234,102963.73,249.15
147.52,6,Gravel,971.89,31.99,49.33,477,336407.56,885.12
167.41,2,Gravel,4477.34,-13.19,88.92,133,92661.44,334.82
128.93,7,Gravel,892.73,-8.03,35.52,130,418394.61,902.51
96.93,10,Gravel,381.31,-20.68,57.86,161,198037.68,969.3
146.32,6,Sand,3145.55,41.05,86.99,150,246546.27,877.92
107.79,10,Gravel,1098.17,30.31,21.04,93,648238.28,1077.9
171.75,5,Clay,1878.53,45.68,91.72,308,643830.64,858.75
83.49,2,Clay,2023.4,15.81,73.18,87,162064.11,166.98
199.86,3,Clay,1109.55,29.8,70.48,381,86531.39,599.58
149.58,3,Gravel,2223.1,-25.22,91.87,175,248166.68,448.74
92.76,1,Clay,1108.03,44.5,81.66,63,32041.16,92.76
63.26,8,Clay,4124.31,16.81,89.5,412,152466.72,506.08
74.8,2,Gravel,1732.38,-2.89,42.26,380,23593.42,149.6
46.45,2,Gravel,4104.56,30.03,49.38,179,71159.54,92.9
43.67,5,Gravel,3451.57,46.37,91.38,433,75287.08,218.35
65.21,3,Sand,2461.48,32.15,36.91,325,182663.64,195.63
88.26,6,Clay,4403.33,5.16,78.49,352,253262.07,529.56
171.64,8,Sand,2539.94,13.15,80.98,262,531521.02,1373.12
15.86,2,Gravel,267.26,18.11,32.13,419,13722.71,31.72
51.84,1,Clay,828.59,20.21,34.97,266,9965.72,51.84
193.57,2,Sand,1121.7,-29.06,57.21,79,316119.17,387.14
123.64,9,Clay,886.94,26.22,65.19,371,1015226.59,1112.76
59.85,6,Sand,2926.97,-5.55,22.87,350,218648.81,359.1
154.84,1,Gravel,3640.2,-21.86,60.59,202,128639.52,154.84
190.38,7,Sand,2586.55,-18.49,70.26,446,714479.01,1332.66
175.93,7,Gravel,1363.8,17.1,73.23,342,1005478.65,1231.51
99.44,8,Gravel,4641.68,36.81,71.1,415,298113.16,795.52
98.82,4,Clay,1851.62,35.26,14.85,323,135090.89,395.28
199.83,7,Gravel,3375.99,26.65,98.86,319,900302.09,1398.81
179.83,4,Sand,1701.93,-28.95,83.54,423,137490.82,719.32
24.47,1,Clay,2151.82,-23.87,85.98,304,21290.12,24.47
70.69,8,Gravel,3326.87,29.52,68.39,282,102494.84,565.52
144.88,1,Gravel,3966.7,-1.11,48.68,239,140100.41,144.88
114.32,9,Sand,2460.14,34.95,52.69,220,872058.11,1028.88
119.64,9,Gravel,4276.06,6.72,79.11,415,541308.79,1076.76
104.19,7,Clay,139.79,-28.87,71.69,245,209959.52,729.33
37.03,8,Clay,3381.79,34.57,27.41,440,161865.54,296.24
154.07,9,Sand,527.4,24.18,91.31,205,769635.12,1386.63
148.09,8,Clay,1218.46,11.66,45.57,201,1069956.17,1184.72
45.83,5,Sand,1587.25,43.46,52.39,61,130560.5,229.15
119.42,1,Gravel,2789.26,-6.91,30.77,322,99094.72,119.42
155.37,3,Clay,2277.38,43.48,45.58,485,114933.4,466.11
10.13,8,Sand,4360.23,29.7,97.42,285,54929.72,81.04
24.38,7,Sand,2291.57,-5.81,90.25,435,18799.91,170.66
140.77,3,Sand,3813.51,-21.02,78.58,398,68832.31,422.31
188.8,5,Sand,2570.08,40.15,16.09,410,465911.2,944.0
189.04,1,Clay,300.2,40.37,46.52,124,48492.54,189.04
100.32,1,Sand,1984.46,41.01,26.9,409,42129.38,100.32
188.14,7,Clay,3884.33,46.31,61.51,183,788001.81,1316.98
38.65,4,Sand,1929.95,-19.48,21.19,351,104933.2,154.6
37.22,3,Sand,2489.35,16.37,49.3,366,63602.65,111.66
22.24,10,Clay,2025.55,6.87,92.6,234,43241.23,222.4
77.56,2,Sand,2153.47,-17.03,20.4,434,124637.37,155.12
87.84,7,Gravel,858.67,-4.79,96.61,234,370987.85,614.88
26.46,3,Sand,473.58,-28.22,50.29,106,15451.32,79.38
16.07,2,Clay,1828.45,36.5,48.69,244,1666.46,32.14
85.4,7,Clay,549.45,28.37,13.64,182,514472.66,597.8
135.46,5,Gravel,4689.79,25.33,66.77,185,133814.16,677.3
197.93,7,Gravel,2191.01,10.87,21.64,336,192738.3,1385.51
106.81,7,Sand,4141.36,-12.67,69.64,168,401027.76,747.67
100.98,1,Gravel,3832.76,-19.36,98.32,41,71293.9,100.98
30.73,7,Clay,3428.73,-3.04,46.05,162,92230.56,215.11
112.62,3,Sand,180.02,21.33,90.64,94,187620.42,337.86
193.88,6,Sand,1876.3,-27.15,14.89,392,372284.5,1163.28
91.68,6,Sand,2863.43,31.48,82.15,491,502426.57,550.08
72.35,8,Sand,117.94,44.63,47.12,438,361605.3,578.8
124.99,4,Clay,3336.17,-5.49,65.4,332,396908.24,499.96
93.57,4,Sand,3584.36,-5.06,93.9,461,322838.96,374.28
22.77,10,Clay,4059.98,17.82,91.38,462,100859.72,227.7
172.53,2,Clay,2742.81,37.09,98.29,44,78618.47,345.06
54.57,10,Gravel,1285.64,21.31,58.71,128,398917.61,545.7
108.8,7,Sand,929.06,-7.7,63.63,295,727663.1,761.6
153.32,4,Clay,136.54,38.93,48.85,405,289094.06,613.28
71.07,3,Sand,1108.64,-29.5,24.27,240,128768.18,213.21
78.23,10,Clay,3377.27,18.22,69.54,396,203186.78,782.3
124.14,1,Gravel,150.83,-2.31,38.46,316,19005.83,124.14
198.44,9,Clay,334.78,49.3,49.71,279,392982.64,1785.96
93.34,8,Clay,2692.97,31.82,80.89,496,456649.15,746.72
161.78,5,Sand,1012.14,44.92,18.63,264,480672.65,808.9
72.22,7,Sand,4521.51,-25.11,99.32,229,311473.3,505.54
183.25,4,Clay,4961.34,43.16,51.07,279,213097.76,733.0
158.22,10,Clay,1383.14,37.77,30.65,282,1036309.36,1582.2
59.71,9,Clay,4276.99,-27.33,53.63,143,533026.39,537.39
32.45,2,Sand,4280.79,6.83,65.22,186,7131.86,64.9
78.64,9,Clay,2621.21,6.29,45.62,300,105102.36,707.76
145.26,2,Gravel,1663.47,-19.15,32.79,335,24255.51,290.52
112.89,9,Gravel,613.53,-22.28,99.73,126,143328.53,1016.01
180.02,5,Gravel,1359.1,17.29,80.54,460,456404.71,900.1
71.86,8,Clay,4082.02,-26.13,68.2,390,431171.5,574.88
99.6,2,Gravel,3865.21,31.68,61.13,460,95024.38,199.2
174.77,6,Gravel,1723.27,0.68,33.42,307,736676.52,1048.62
115.54,3,Clay,618.22,7.72,77.86,275,319126.1,346.62
66.32,5,Clay,2833.26,36.33,20.78,179,273652.9,331.6
35.84,3,Clay,319.84,-7.91,59.62,126,14601.22,107.52
15.04,6,Sand,2938.45,-20.99,55.51,434,83429.59,90.24
83.23,1,Clay,1648.53,-24.18,19.89,394,76779.68,83.23
99.02,1,Gravel,3963.95,-25.43,11.35,384,19620.81,99.02
67.44,5,Clay,1967.29,19.34,81.25,396,129245.39,337.2
77.99,3,Clay,4646.06,3.84,10.05,388,32131.1,233.97
68.9,3,Gravel,291.25,-0.57,10.58,61,81477.01,206.7
26.62,3,Gravel,1777.05,26.14,74.76,152,17629.1,79.86
140.32,1,Clay,270.6,25.45,66.41,176,70143.16,140.32
74.47,4,Gravel,456.06,45.44,24.61,330,206529.14,297.88
118.98,8,Sand,1268.39,-18.52,52.02,353,209271.54,951.84
30.67,6,Clay,4464.1,25.48,33.28,112,40131.08,184.02
25.7,3,Clay,3370.78,29.32,16.35,148,13198.75,77.1
184.86,1,Clay,595.18,42.24,70.24,368,165882.27,184.86
93.32,2,Sand,3827.24,21.82,89.15,253,181025.87,186.64
73.71,1,Gravel,4957.9,-10.54,83.51,230,5240.04,73.71
116.45,4,Gravel,4947.16,7.3,53.9,360,338282.59,465.8
120.6,5,Clay,1900.75,43.19,47.54,194,438254.37,603.0
80.68,6,Gravel,3922.15,15.68,96.29,232,355484.15,484.08
109.23,6,Clay,2870.35,41.52,38.95,408,150036.14,655.38
48.97,4,Gravel,2883.07,10.2,46.76,385,115976.63,195.88
104.63,3,Sand,4752.5,1.35,61.24,431,116635.25,313.89
101.59,5,Sand,2944.38,1.22,51.39,384,491065.74,507.95
79.63,6,Clay,1603.51,-5.15,64.95,43,399806.3,477.78
55.69,2,Sand,3348.91,-4.45,28.43,116,71718.7,111.38
171.95,2,Clay,2642.8,-13.37,22.56,48,73972.89,343.9
190.92,10,Clay,2973.33,0.57,60.27,174,300584.45,1909.2
135.45,4,Sand,703.04,14.25,77.58,44,64468.78,541.8
92.77,7,Sand,1851.96,23.2,46.1,285,484717.68,649.39
134.68,1,Gravel,1369.58,19.2,74.53,350,62041.69,134.68
38.58,5,Sand,278.35,33.06,38.68,274,26236.33,192.9
56.91,4,Sand,3737.96,15.94,85.81,195,179462.27,227.64
182.49,4,Clay,1438.75,49.9,29.11,97,665044.66,729.96
39.54,6,Gravel,3160.41,24.68,82.7,136,173223.16,237.24
131.66,7,Clay,1448.68,49.73,78.71,495,109875.54,921.62
123.33,4,Sand,2482.0,-13.29,10.67,176,158439.58,493.32
122.9,3,Clay,3775.57,35.38,42.42,476,83230.34,368.7
87.98,7,Clay,1391.58,-19.29,43.35,270,610883.85,615.86
96.39,9,Gravel,4349.92,41.57,47.71,78,775900.94,867.51
192.65,4,Clay,3881.95,9.92,29.65,482,133298.39,770.6
175.89,1,Gravel,4986.85,20.13,37.68,367,50167.35,175.89
164.23,3,Clay,2807.68,-21.48,21.19,462,106297.87,492.69
153.38,1,Gravel,192.25,14.98,84.34,199,11193.67,153.38
21.58,2,Gravel,4183.46,-17.96,83.25,341,34353.2,43.16
81.09,10,Gravel,2420.03,30.19,76.62,67,137131.3,810.9
32.9,9,Sand,815.23,-18.66,61.02,379,61192.03,296.1
117.71,3,Gravel,512.66,4.96,38.61,62,125897.91,353.13
170.9,4,Gravel,3715.77,22.19,44.47,246,229108.54,683.6
39.18,2,Sand,4535.63,-12.86,77.44,238,66895.15,78.36
42.2,8,Clay,4021.77,-10.3,19.69,500,133524.18,337.6
45.29,4,Gravel,3073.19,-8.48,45.77,257,82333.6,181.16
198.98,4,Clay,1869.44,40.59,30.65,161,401684.91,795.92
37.64,1,Clay,2958.75,49.82,85.81,437,18378.86,37.64
162.87,2,Gravel,368.54,43.22,90.41,210,82060.42,325.74
97.43,4,Gravel,4875.78,-14.41,19.79,124,344212.4,389.72
124.57,10,Clay,488.5,14.73,13.97,239,66458.09,1245.7
20.73,4,Gravel,1629.43,9.92,91.28,253,48639.21,82.92
113.98,5,Sand,3255.11,-10.65,58.67,215,289144.46,569.9
124.48,9,Sand,2976.15,34.01,97.07,454,837181.53,1120.32
187.47,7,Clay,3679.76,-13.54,15.79,271,515821.83,1312.29
64.04,7,Sand,3928.08,7.67,90.89,153,181158.91,448.28
72.99,7,Sand,4033.61,-14.22,65.74,52,153595.78,510.93
27.68,1,Sand,2564.33,-5.58,94.88,252,9838.3,27.68
71.55,8,Gravel,2955.67,11.61,25.73,250,362117.41,572.4
64.98,9,Clay,475.86,-21.15,74.79,454,559000.2,584.82
120.46,2,Gravel,4069.99,-1.2,10.01,47,95553.69,240.92
174.13,9,Sand,2635.96,28.5,39.02,130,1433960.55,1567.17
102.66,9,Gravel,1202.92,37.31,36.02,307,571909.62,923.94
124.03,10,Clay,2242.57,41.7,41.32,229,495437.84,1240.3
116.36,10,Sand,4749.05,17.92,66.39,415,1075678.38,1163.6
184.64,5,Sand,4153.52,-20.56,94.98,448,893399.1,923.2
113.14,6,Clay,1912.35,19.42,75.48,113,197325.21,678.84
194.77,4,Gravel,4106.92,-2.52,72.58,177,481424.7,779.08
98.51,4,Gravel,1281.24,1.19,43.02,325,239430.53,394.04
22.62,9,Clay,4262.44,-14.25,23.84,230,159712.58,203.58
164.18,3,Gravel,1860.4,5.34,67.52,276,347826.82,492.54
176.48,2,Gravel,3569.22,-7.19,57.9,320,155687.13,352.96
112.28,5,Gravel,4592.02,41.24,97.14,457,35014.52,561.4
173.91,5,Sand,2658.97,29.19,56.46,100,426905.57,869.55
120.56,9,Gravel,4361.47,5.96,21.21,235,57062.25,1085.04
65.01,6,Gravel,1034.17,43.5,71.99,368,233411.9,390.06
167.14,7,Clay,3212.38,10.48,78.64,458,444405.2,1169.98
178.16,7,Sand,3830.04,-22.16,37.02,479,356613.96,1247.12
167.37,7,Gravel,4122.78,-3.54,22.54,200,452304.04,1171.59
112.68,9,Sand,2497.26,24.62,27.66,443,945139.56,1014.12
14.33,1,Clay,3136.98,20.32,63.93,133,6607.99,14.33
176.67,6,Sand,422.57,34.36,33.56,257,558906.15,1060.02
118.67,4,Gravel,4676.35,-6.71,63.31,189,195069.75,474.68
35.5,8,Sand,1373.79,7.49,59.57,265,179490.84,284.0
182.37,10,Gravel,4976.15,-2.66,92.29,86,1792569.44,1823.7
122.71,5,Clay,1447.71,25.91,79.11,435,135655.9,613.55
33.37,3,Clay,4493.04,1.76,39.54,328,12967.25,100.11
74.87,4,Gravel,1353.81,-1.04,90.38,100,40507.66,299.48
191.53,7,Gravel,4792.3,0.69,94.66,381,74114.45,1340.71
146.86,5,Gravel,4298.31,46.36,32.75,73,511043.43,734.3
103.48,9,Sand,2179.16,10.17,69.85,107,107828.23,931.32
110.13,9,Gravel,4012.77,-4.67,75.87,492,283375.5,991.17
16.4,2,Clay,305.36,11.36,96.85,55,26458.12,32.8
170.33,5,Clay,425.4,-25.73,18.34,483,753820.96,851.65
97.79,9,Clay,4530.6,6.84,66.93,457,761145.53,880.11
20.46,5,Gravel,2920.95,30.56,45.65,251,95831.57,102.3
100.65,5,Clay,1013.8,30.69,28.16,113,349904.69,503.25
50.52,1,Sand,1967.67,37.9,96.74,409,36430.48,50.52
112.02,6,Clay,639.92,8.65,41.97,259,437980.28,672.12
60.9,4,Gravel,3053.17,28.16,32.62,205,14014.31,243.6
18.06,6,Gravel,341.51,2.77,52.73,163,78921.84,108.36
106.49,2,Clay,4386.83,23.54,22.78,398,146229.94,212.98
60.28,10,Clay,623.23,21.08,95.35,378,48073.3,602.8
79.08,4,Clay,4287.2,42.73,62.6,298,261406.85,316.32
125.93,10,Gravel,3135.78,-29.24,17.52,339,1054235.59,1259.3
11.13,9,Clay,3433.57,34.95,56.15,376,98746.58,100.17
195.14,4,Gravel,270.7,-11.9,72.14,123,256999.38,780.56
154.24,1,Gravel,3077.61,-8.54,83.2,390,69060.96,154.24
46.92,2,Clay,1543.67,17.47,66.49,300,24347.73,93.84
43.77,1,Sand,4191.62,32.6,66.88,109,29026.95,43.77
134.85,1,Sand,3655.99,-1.58,14.44,285,67050.12,134.85
34.93,9,Sand,1216.22,41.31,23.08,47,132176.87,314.37
88.04,6,Gravel,2233.21,20.61,95.87,427,288091.53,528.24
36.65,10,Sand,1527.92,-7.8,34.61,262,31790.21,366.5
21.71,4,Sand,1959.55,21.28,17.73,83,46197.14,86.84
149.42,8,Sand,4085.21,-9.78,69.09,254,1155913.12,1195.36
179.71,3,Clay,161.19,40.9,80.2,444,158779.18,539.13
93.39,4,Sand,1693.38,47.79,94.5,51,158598.63,373.56
17.91,9,Clay,998.87,3.99,43.83,374,49053.34,161.19
189.8,6,Sand,762.7,-9.55,12.91,203,1134928.08,1138.8
115.69,2,Gravel,3525.31,1.23,85.68,180,53312.27,231.38
146.47,4,Gravel,445.91,-13.97,97.27,431,379527.21,585.88
77.64,8,Gravel,3896.36,-4.14,45.87,97,175255.22,621.12
45.45,3,Clay,1278.84,2.12,57.62,413,52239.78,136.35
187.93,2,Gravel,1231.62,24.55,26.51,381,199709.45,375.86
45.45,1,Sand,4056.61,10.81,40.96,51,16935.12,45.45
158.08,3,Sand,1443.94,15.28,64.17,402,325983.09,474.24
150.06,6,Sand,4576.15,32.52,86.8,447,677935.07,900.36
129.47,5,Clay,1104.65,-10.84,68.54,473,619488.06,647.35
155.29,2,Sand,3241.51,30.68,12.62,177,161380.47,310.58
192.34,7,Clay,1850.97,12.58,66.67,200,513522.8,1346.38
125.25,3,Clay,3575.17,36.06,97.33,73,180893.56,375.75
114.64,3,Sand,1418.95,-27.2,10.58,74,251395.2,343.92
47.0,4,Clay,1866.9,10.8,62.4,452,83885.6,188.0
30.83,10,Clay,3416.28,11.51,11.78,198,169941.13,308.3
36.73,5,Gravel,1719.8,14.01,13.97,284,140989.94,183.65
33.18,8,Sand,1714.02,6.59,95.79,404,58834.78,265.44
40.36,8,Gravel,691.06,-4.06,66.65,51,119927.32,322.88
189.07,5,Clay,2918.09,48.43,71.41,75,837079.06,945.35
102.25,1,Clay,3295.25,10.65,57.63,159,31784.41,102.25
135.21,5,Sand,361.77,27.44,37.0,431,660892.96,676.05
134.91,2,Clay,2769.81,23.21,43.87,383,86579.84,269.82
44.72,10,Clay,4349.23,47.19,38.37,425,302991.42,447.2
28.05,10,Gravel,3775.02,15.53,25.68,139,107661.51,280.5
18.99,4,Gravel,3416.13,45.28,78.05,491,22892.07,75.96
110.97,9,Clay,743.68,-23.45,89.76,156,214007.86,998.73
120.54,7,Clay,3263.11,-5.22,71.91,479,497214.24,843.78
171.48,8,Sand,3424.14,1.08,92.14,186,470499.96,1371.84
194.6,3,Gravel,4004.82,29.25,43.88,300,433179.6,583.8
60.0,3,Clay,1893.58,18.27,83.02,395,140700.6,180.0
24.51,7,Clay,1051.97,14.84,35.51,294,44050.6,171.57
165.51,1,Gravel,3381.37,-25.31,30.59,159,43446.38,165.51
134.58,8,Clay,1297.06,22.04,60.31,347,1031367.29,1076.64
174.6,6,Gravel,4357.46,-25.19,22.5,381,575593.34,1047.6
42.33,8,Sand,4102.9,8.51,55.6,484,229838.35,338.64
49.23,1,Clay,2696.08,22.48,84.29,152,15765.91,49.23
77.87,10,Gravel,1688.57,11.86,44.79,418,682180.14,778.7
16.71,7,Gravel,3533.69,36.28,49.11,288,13459.74,116.97
37.18,8,Clay,2733.1,5.18,49.57,49,136661.78,297.44
92.72,8,Clay,4447.54,26.26,55.87,387,615341.84,741.76
180.91,2,Gravel,2987.82,45.27,81.0,255,230117.52,361.82
15.78,6,Sand,4183.7,35.94,84.44,74,23864.09,94.68
181.62,2,Sand,1848.48,2.19,35.64,161,249665.75,363.24
153.93,3,Gravel,4377.81,23.55,72.72,98,348711.48,461.79
136.21,3,Sand,658.26,36.81,82.49,151,363227.12,408.63
139.77,7,Clay,4632.09,13.5,61.73,462,899991.61,978.39
53.94,3,Sand,1308.71,23.15,54.05,167,142323.93,161.82
95.42,1,Clay,1989.08,21.19,37.8,115,29609.78,95.42
63.79,8,Gravel,4354.01,-18.01,15.77,332,263626.21,510.32
97.08,6,Gravel,2359.7,-10.56,85.58,64,169123.07,582.48
109.05,5,Gravel,1066.32,-9.05,36.06,478,451570.6,545.25
17.63,1,Sand,3183.6,49.72,96.34,399,12790.39,17.63
73.31,3,Clay,824.78,39.28,33.79,432,168956.82,219.93
184.51,9,Sand,4232.24,-15.07,70.19,56,447296.52,1660.59
127.78,6,Gravel,3419.22,20.29,68.03,223,256860.8,766.68
88.53,6,Clay,4821.1,9.05,45.37,160,424811.21,531.18
81.07,4,Sand,290.19,-4.29,93.12,287,250130.14,324.28
25.37,5,Sand,3382.14,36.85,49.26,369,77795.84,126.85
171.77,5,Sand,4476.82,-9.08,45.54,141,368274.88,858.85
145.34,2,Gravel,2840.12,28.54,85.3,454,137189.33,290.68
94.83,1,Clay,3370.32,16.56,63.69,451,83987.14,94.83
168.97,8,Sand,467.9,16.87,19.6,54,619133.12,1351.76
98.16,5,Sand,3969.43,9.51,22.82,108,68338.99,490.8
17.3,9,Gravel,2320.04,4.18,70.7,42,118266.61,155.7
163.8,4,Clay,3211.99,-14.12,52.09,87,259544.38,655.2
175.35,4,Gravel,3428.96,16.09,62.15,76,269274.47,701.4
102.63,3,Sand,701.84,19.46,20.44,208,118349.84,307.89
20.93,7,Gravel,480.74,39.16,25.87,324,77347.02,146.51
132.1,5,Gravel,3447.7,32.55,84.75,406,77569.12,660.5
127.05,1,Clay,4744.87,1.13,22.44,494,46928.46,127.05
148.04,3,Gravel,629.55,-9.14,32.55,86,434962.25,444.12
68.11,3,Clay,4147.17,26.76,66.75,101,67267.48,204.33
139.81,3,Sand,2681.76,-16.09,97.49,132,351759.16,419.43
165.88,3,Gravel,212.37,32.24,67.33,299,235284.19,497.64
80.8,3,Gravel,4205.91,-26.18,39.37,148,127802.98,242.4
79.91,1,Sand,497.5,23.63,15.5,215,13021.33,79.91
118.69,5,Gravel,3819.81,22.98,84.32,297,115526.91,593.45
167.32,2,Sand,474.61,15.61,22.12,151,103353.56,334.64
171.23,10,Gravel,3193.09,41.18,20.42,354,605880.23,1712.3
175.15,7,Sand,951.87,45.62,98.48,99,821122.47,1226.05
73.43,2,Sand,4116.65,4.83,72.2,151,9284.49,146.86
20.73,7,Clay,1114.84,-8.84,37.66,338,45020.38,145.11
74.49,7,Sand,4573.19,-0.94,60.22,360,141985.39,521.43
59.66,10,Gravel,3768.84,8.79,95.33,67,107489.42,596.6
63.05,1,Clay,1716.91,2.92,80.13,413,18068.24,63.05
126.56,7,Gravel,4534.01,-27.39,14.67,77,295746.67,885.92
78.22,4,Gravel,1274.82,5.06,42.91,328,211838.53,312.88
69.42,5,Clay,3810.7,24.2,22.56,466,227180.42,347.1
129.02,1,Clay,1545.18,43.29,40.34,106,85584.13,129.02
173.43,8,Gravel,900.34,49.8,39.73,479,778672.95,1387.44
73.89,10,Sand,1230.0,25.14,59.35,224,717132.01,738.9
183.89,9,Gravel,2208.13,38.94,61.29,487,1456210.2,1655.01
16.33,1,Gravel,1713.62,-28.61,28.68,317,15369.47,16.33
100.54,7,Clay,3706.7,13.18,92.22,348,224745.11,703.78
13.97,6,Sand,3296.23,21.48,29.7,394,21339.73,83.82
184.56,5,Clay,2250.05,9.61,77.74,190,269070.02,922.8
25.42,1,Clay,1444.46,-22.26,49.52,93,21641.83,25.42
96.02,7,Clay,2025.19,33.61,82.1,188,577832.04,672.14
52.17,1,Sand,4868.86,20.14,31.15,126,30702.57,52.17
148.34,8,Sand,1960.55,26.66,66.02,171,1025693.96,1186.72
163.49,3,Gravel,2641.28,15.64,31.48,481,32832.06,490.47
60.28,7,Sand,911.96,-28.12,76.86,214,394511.5,421.96
26.04,1,Clay,1412.98,40.54,82.03,159,1963.42,26.04
47.84,3,Gravel,4844.55,-25.72,18.56,382,110250.63,143.52
145.09,10,Gravel,255.32,-0.55,50.74,154,745719.07,1450.9
46.08,10,Gravel,1478.74,-2.41,14.47,467,270876.67,460.8
147.96,5,Clay,371.75,-7.76,17.2,386,509847.97,739.8
41.32,5,Clay,4079.93,19.55,79.64,329,57705.45,206.6
176.77,3,Sand,4201.18,42.82,92.39,304,496158.04,530.31
149.3,7,Sand,1653.09,-8.09,76.13,245,380061.07,1045.1
97.92,8,Gravel,4700.24,3.85,88.5,412,367435.01,783.36
171.36,4,Sand,2176.58,41.45,80.91,60,450621.96,685.44
59.84,3,Gravel,1054.42,27.42,39.77,103,86327.58,179.52
142.86,3,Sand,1473.69,33.8,82.56,333,248010.67,428.58
95.84,8,Clay,1737.44,-0.8,23.23,389,375984.15,766.72
35.76,8,Clay,4674.32,-20.19,50.34,185,136917.89,286.08
136.01,9,Gravel,458.54,38.18,49.55,135,192439.19,1224.09
50.0,4,Clay,4898.09,-11.03,39.03,454,27462.0,200.0
190.23,6,Clay,763.92,-25.77,44.66,276,355848.04,1141.38
186.87,3,Sand,2812.75,15.37,59.73,429,447591.02,560.61
124.9,6,Clay,4023.59,-9.64,42.58,467,181354.8,749.4
19.07,6,Clay,3240.6,0.73,63.25,206,101243.39,114.42
156.66,6,Clay,1331.6,22.17,71.36,35,883167.62,939.96
26.93,3,Gravel,2012.84,1.46,38.26,356,6342.02,80.79
42.54,4,Clay,1933.57,-0.01,83.86,252,157462.66,170.16
110.66,5,Gravel,1136.39,-22.06,41.36,228,248105.25,553.3
94.51,10,Sand,2875.44,12.79,55.36,487,373305.05,945.1
19.93,4,Gravel,897.58,-25.74,97.23,389,27402.95,79.72
199.53,4,Clay,912.12,-24.61,72.04,338,566449.71,798.12
42.64,6,Clay,217.07,13.9,13.35,173,43518.38,255.84
121.82,8,Gravel,233.75,-18.98,24.92,209,580915.72,974.56
61.46,8,Sand,975.41,18.19,13.15,170,221133.08,491.68
189.88,1,Sand,4594.44,-18.8,99.45,51,59582.45,189.88
64.61,6,Gravel,3688.99,12.19,88.08,130,164833.03,387.66
154.98,10,Sand,2696.98,-11.19,25.02,144,552782.66,1549.8
84.33,7,Sand,744.51,9.28,47.4,220,464343.75,590.31
159.08,5,Clay,1399.73,39.17,35.61,468,178249.14,795.4
116.07,8,Gravel,4135.03,43.57,20.2,349,663762.54,928.56
54.31,2,Gravel,1678.92,34.31,32.33,167,83542.9,108.62
186.0,7,Sand,1809.45,-25.72,80.32,43,503874.0,1302.0
11.9,7,Gravel,4523.39,-3.78,75.43,235,66087.72,83.3
67.52,9,Clay,3051.88,45.09,86.2,221,133805.06,607.68
108.01,2,Sand,3537.59,3.89,72.59,474,213637.3,216.02
163.37,10,Clay,666.64,-26.22,77.78,417,856320.19,1633.7
182.13,6,Sand,4324.35,-12.32,20.99,295,375763.33,1092.78
39.48,9,Clay,2864.44,26.34,73.12,89,339991.5,355.32
16.89,5,Clay,4554.96,45.47,93.41,335,34553.56,84.45
53.61,5,Clay,4612.3,31.68,12.66,462,89051.57,268.05
189.21,3,Sand,1526.88,4.73,48.73,103,33859.13,567.63
165.92,8,Sand,3289.51,26.9,53.55,94,238672.6,1327.36
197.29,8,Gravel,4633.72,12.73,37.39,240,890772.24,1578.32
62.19,8,Sand,788.58,27.93,41.59,280,138390.16,497.52
125.62,2,Clay,3305.09,5.21,57.43,326,18099.33,251.24
177.32,8,Sand,3034.91,49.45,48.43,120,1080517.15,1418.56
120.31,4,Sand,1990.64,-13.08,23.42,318,384246.08,481.24
102.31,9,Clay,2335.91,-13.66,62.29,412,504362.72,920.79
159.7,4,Clay,829.63,25.45,84.56,284,139034.82,638.8
91.1,5,Clay,1244.84,43.8,42.74,300,75827.09,455.5
165.22,6,Sand,134.53,4.16,12.11,179,547962.04,991.32
164.67,10,Clay,2732.03,46.99,90.74,467,187163.92,1646.7
71.91,3,Sand,2098.28,-15.75,31.37,383,102223.66,215.73
158.04,4,Sand,3363.12,16.49,22.73,234,397318.88,632.16
95.28,1,Clay,735.8,19.85,66.57,336,92228.18,95.28
77.33,2,Gravel,2792.05,24.03,34.92,50,108497.08,154.66
36.83,1,Clay,4752.67,7.52,76.72,164,6197.75,36.83
78.49,5,Gravel,1577.81,-22.17,24.99,152,253640.43,392.45
89.62,1,Gravel,3757.56,-4.31,97.09,89,77508.75,89.62
77.78,1,Sand,4153.14,-2.47,24.04,67,23310.67,77.78
55.22,5,Sand,4020.89,-7.68,45.39,419,21069.19,276.1
71.75,9,Sand,1679.03,-12.97,82.74,56,638524.06,645.75
170.07,10,Sand,2243.36,-14.36,54.86,446,1012698.82,1700.7
150.68,7,Sand,4842.24,-22.13,17.3,297,68643.78,1054.76
199.02,3,Gravel,2029.19,-1.29,28.28,195,144804.96,597.06
196.35,7,Sand,667.55,16.35,65.89,291,701684.21,1374.45
19.9,3,Sand,3682.48,18.51,18.24,176,6983.71,59.7
106.35,9,Clay,3960.11,-0.15,64.19,372,707908.14,957.15
173.58,2,Gravel,3832.77,-9.88,43.74,237,302018.79,347.16
78.0,10,Clay,3453.11,-12.87,72.43,118,635403.6,780.0
193.09,1,Gravel,3542.07,19.05,37.74,151,126535.74,193.09
10.53,3,Sand,3676.54,35.54,52.56,358,24721.07,31.59
70.02,7,Clay,1844.96,40.58,24.32,283,67595.21,490.14
23.0,6,Gravel,441.95,14.47,99.95,306,8059.2,138.0
108.78,9,Gravel,1639.94,29.73,70.64,269,118275.41,979.02
73.12,8,Gravel,3262.17,2.84,34.94,197,33547.46,584.96
71.76,8,Clay,4524.57,5.89,37.91,331,557994.28,574.08
131.58,1,Clay,3377.33,23.08,53.66,382,8063.22,131.58
108.89,5,Gravel,1307.48,-21.33,16.9,306,152337.11,544.45
117.68,1,Clay,4693.78,-15.8,78.71,60,87244.42,117.68
82.15,9,Clay,1383.18,-6.91,60.17,73,294357.42,739.35
58.02,10,Gravel,427.25,23.51,21.44,139,40381.92,580.2
19.84,2,Clay,1235.67,-12.97,16.35,350,29851.26,39.68
66.22,3,Clay,3654.34,-3.86,18.11,57,128284.7,198.66
23.79,7,Clay,4064.64,-29.85,69.92,166,117382.0,166.53
162.06,8,Sand,4294.63,7.12,78.54,409,1224149.38,1296.48
115.75,4,Gravel,3369.51,-11.28,65.29,104,257821.55,463.0
147.26,2,Clay,1557.39,28.79,90.41,239,97642.22,294.52
165.09,1,Sand,2747.83,-11.63,95.91,405,78906.42,165.09
72.33,9,Sand,2855.2,45.22,17.69,200,227813.46,650.97
100.57,3,Sand,913.24,-24.6,61.17,78,112492.57,301.71
23.06,5,Sand,3243.74,-25.29,47.46,64,93540.58,115.3
133.12,8,Sand,765.22,8.59,84.67,113,425195.93,1064.96
30.88,4,Gravel,4886.2,35.76,46.48,485,12117.31,123.52
72.27,3,Clay,4663.41,18.89,27.81,63,173359.11,216.81
113.95,6,Clay,2256.5,-8.55,22.72,342,347907.58,683.7
118.57,6,Clay,1208.53,-12.23,29.9,36,460964.59,711.42
48.68,10,Clay,4042.91,9.46,71.03,267,189525.84,486.8
172.0,1,Clay,117.05,22.91,14.15,415,108798.6,172.0
107.55,1,Sand,2821.33,16.8,56.64,300,38663.15,107.55
10.19,5,Clay,2259.12,-23.26,80.08,278,9566.37,50.95
73.91,7,Clay,1196.01,-22.92,93.32,198,314017.72,517.37
96.5,8,Sand,3698.18,18.6,89.64,189,238895.4,772.0
87.87,6,Gravel,625.04,47.92,45.57,128,510886.72,527.22
42.7,2,Clay,1931.12,-8.18,85.83,187,57930.24,85.4
152.88,1,Gravel,1146.54,27.55,38.55,245,147833.43,152.88
185.66,9,Clay,602.8,26.47,93.92,121,1190177.14,1670.94
168.21,7,Clay,2732.78,-13.67,54.05,494,1080422.92,1177.47
118.63,7,Sand,4893.82,8.06,66.8,221,289140.46,830.41
48.45,9,Sand,3690.51,0.59,55.85,79,113320.67,436.05
44.47,8,Gravel,673.94,-23.8,20.41,228,332710.31,355.76
76.1,10,Gravel,4883.55,22.27,97.44,449,746175.72,761.0
100.42,5,Gravel,3215.31,18.83,49.09,451,150087.73,502.1
35.84,5,Clay,4199.37,-10.33,97.01,114,109840.64,179.2
44.72,3,Gravel,2552.29,41.54,44.53,417,58701.71,134.16
159.12,4,Clay,3840.71,41.31,70.42,472,291246.88,636.48
61.92,6,Gravel,1785.14,34.13,16.94,73,275916.76,371.52
135.59,7,Clay,3863.55,-29.48,26.88,234,281151.29,949.13
166.26,5,Gravel,4443.24,21.61,56.97,192,491265.05,831.3
77.22,9,Sand,336.9,-3.7,46.85,85,323499.29,694.98
22.94,4,Gravel,645.35,15.68,39.09,71,10695.55,91.76
172.84,2,Gravel,1399.0,-13.62,98.24,415,58599.67,345.68
16.95,5,Clay,3534.04,49.6,42.54,171,61029.32,84.75
180.24,10,Clay,4848.48,-11.39,78.22,350,1619492.45,1802.4
64.09,7,Gravel,1194.52,3.82,26.2,480,211712.98,448.63
126.38,10,Sand,3132.9,20.68,17.94,399,726722.91,1263.8
125.91,9,Clay,2463.59,-15.25,90.74,489,1007723.2,1133.19
16.92,10,Sand,2909.61,25.41,52.85,350,41002.24,169.2
33.15,2,Clay,4156.82,42.3,43.81,61,3884.52,66.3
193.73,7,Sand,3499.54,-10.4,66.47,206,313085.12,1356.11
190.81,8,Sand,553.25,-14.06,73.39,463,422605.99,1526.48
73.82,7,Sand,4432.12,32.64,45.99,202,156846.09,516.74
26.68,1,Clay,896.68,-20.7,71.18,83,9230.75,26.68
125.63,5,Gravel,260.35,17.22,85.92,251,550077.24,628.15
31.55,9,Sand,2271.66,32.44,71.28,426,146594.87,283.95
99.55,7,Sand,4118.65,-26.38,87.83,397,49539.07,696.85
148.63,6,Gravel,509.6,15.84,19.89,264,250813.12,891.78
37.63,10,Gravel,2388.57,8.91,12.98,41,115580.54,376.3
27.73,5,Clay,3320.95,29.26,31.93,368,119886.5,138.65
199.47,10,Sand,2660.37,20.29,65.36,285,1883774.73,1994.7
48.3,2,Clay,1188.45,33.89,86.95,283,71121.75,96.6
99.14,6,Clay,435.7,-24.49,75.64,150,313421.2,594.84
125.83,7,Sand,384.14,-9.4,15.35,408,150363.08,880.81
27.07,9,Clay,399.16,-23.36,96.18,437,113244.1,243.63
56.48,1,Clay,2203.52,46.06,53.5,375,38138.68,56.48
140.22,4,Clay,3294.91,24.57,92.63,164,502301.69,560.88
174.65,10,Gravel,4558.76,45.05,45.07,406,170109.1,1746.5
121.61,4,Sand,128.53,-23.24,16.29,419,354673.13,486.44
199.7,5,Gravel,4824.31,-18.08,97.49,381,917262.04,998.5
87.26,2,Gravel,3132.58,6.91,79.05,342,135033.1,174.52
38.58,4,Sand,4079.15,0.91,96.7,127,149224.35,154.32
37.09,1,Sand,2399.8,5.1,94.67,182,8742.48,37.09
64.13,2,Sand,2994.24,-27.54,77.13,154,64930.34,128.26
134.11,5,Clay,580.61,-1.77,87.27,430,305355.06,670.55
115.5,4,Clay,4584.72,3.32,65.23,313,48607.02,462.0
175.93,9,Gravel,3783.61,-6.84,30.87,58,246704.88,1583.37
160.04,6,Gravel,3979.81,20.03,38.45,204,497164.26,960.24
175.52,7,Clay,1040.45,2.78,54.78,254,894535.92,1228.64
101.49,2,Gravel,3248.64,48.11,55.57,406,165195.27,202.98
136.58,10,Sand,971.79,25.98,58.82,339,1109753.47,1365.8
116.64,3,Sand,3331.36,31.02,18.68,230,150658.06,349.92
113.38,2,Gravel,1612.43,-28.32,32.71,272,147899.67,226.76
131.86,6,Gravel,1696.71,44.46,91.28,270,664693.07,791.16
15.57,2,Clay,4427.2,-7.81,42.83,103,21563.83,31.14
121.22,10,Gravel,1046.59,20.21,88.19,258,1044528.5,1212.2
105.0,7,Clay,2887.51,21.92,64.28,405,453149.55,735.0
84.46,8,Gravel,2710.94,49.13,10.67,319,453117.76,675.68
117.81,10,Sand,3374.06,42.83,93.88,398,1028504.86,1178.1
120.91,10,Clay,1102.18,-3.51,17.74,497,870552.0,1209.1
69.27,8,Gravel,3945.86,-23.93,61.0,297,481348.92,554.16
173.17,9,Gravel,2950.8,-11.9,65.55,286,903043.45,1558.53
139.51,6,Sand,2785.46,-12.92,57.34,454,314625.74,837.06
37.13,8,Sand,4177.72,3.37,96.13,171,78201.72,297.04
142.0,2,Clay,4755.35,14.9,98.61,266,68960.88,284.0
121.95,6,Gravel,863.01,44.03,97.78,428,396105.8,731.7
93.4,8,Clay,2375.98,28.81,81.15,254,312680.78,747.2
41.8,10,Sand,2820.94,15.75,56.21,267,152574.18,418.0
196.01,7,Gravel,3788.73,-1.63,98.0,215,651019.77,1372.07
185.94,9,Clay,417.71,-1.18,72.55,446,909174.08,1673.46
148.53,10,Sand,2899.25,22.18,97.55,355,586901.44,1485.3
140.15,10,Sand,249.48,8.63,90.64,494,463924.53,1401.5
82.39,4,Clay,3502.01,-10.32,95.28,419,250627.08,329.56
47.63,4,Clay,4359.74,30.13,57.15,50,73527.38,190.52
158.74,1,Sand,2600.34,-6.95,37.35,205,96128.18,158.74
186.98,5,Sand,3516.93,8.87,23.86,479,381111.98,934.9
69.08,4,Sand,2600.55,-12.58,63.24,335,195783.77,276.32
141.95,1,Sand,1551.52,-29.32,48.37,461,92351.25,141.95
197.88,1,Sand,534.9,12.55,22.47,213,193791.8,197.88
65.18,10,Sand,4107.75,-15.74,77.22,308,231493.29,651.8
32.73,7,Clay,1867.78,42.48,36.92,473,211606.0,229.11
169.43,9,Gravel,2962.2,27.06,50.93,48,1078067.84,1524.87
198.55,8,Sand,552.24,33.51,46.94,416,1084162.42,1588.4
133.42,6,Clay,4182.97,-17.94,74.25,388,285665.56,800.52
102.32,1,Clay,2629.88,-15.02,95.88,130,99631.03,102.32
152.33,9,Gravel,4806.8,5.59,60.29,55,443604.76,1370.97
92.52,3,Clay,422.99,-21.46,93.12,427,14324.87,277.56
190.42,4,Gravel,695.3,44.54,70.29,318,448797.09,761.68
64.67,9,Clay,2885.76,19.29,36.16,277,414021.22,582.03
84.31,7,Clay,1785.85,41.08,32.27,448,335759.52,590.17
65.05,10,Sand,2531.62,21.05,21.28,294,439406.24,650.5
57.04,2,Clay,1745.8,-16.56,38.48,269,76071.97,114.08
13.4,5,Sand,3061.34,32.03,19.47,345,31155.0,67.0
145.39,9,Gravel,3465.84,47.32,14.86,404,827187.68,1308.51
64.89,5,Sand,4065.44,39.96,99.44,94,299431.66,324.45
106.09,1,Sand,494.84,33.43,65.42,270,96469.76,106.09
14.69,10,Gravel,344.53,15.09,27.01,250,29742.84,146.9
143.9,9,Gravel,1013.02,-20.78,71.89,64,1055195.68,1295.1
63.27,5,Gravel,2657.22,-24.98,15.23,466,316232.95,316.35
184.9,8,Clay,4836.94,42.27,10.02,270,894102.44,1479.2
87.28,10,Clay,3487.05,30.66,10.4,73,464102.67,872.8
153.37,2,Sand,1554.71,20.32,51.86,426,86258.36,306.74
192.69,9,Clay,4145.83,16.19,53.35,486,411961.59,1734.21
25.46,2,Gravel,3485.59,4.26,13.61,151,40920.84,50.92
149.76,7,Clay,1827.42,-4.14,36.38,250,499272.88,1048.32
39.43,3,Sand,3327.16,-15.78,82.15,357,18021.48,118.29
115.12,10,Gravel,3403.93,-22.42,97.71,256,314001.31,1151.2
137.45,10,Clay,3203.16,-25.48,14.34,70,275023.7,1374.5
95.32,4,Clay,4907.57,-29.28,18.8,144,164030.47,381.28
69.62,2,Clay,4948.89,11.75,41.02,158,45951.98,139.24
159.15,7,Gravel,3965.82,15.3,64.33,153,909165.06,1114.05
111.5,4,Sand,4464.21,27.31,58.82,461,72827.34,446.0
26.32,9,Gravel,4331.22,44.1,11.56,445,183477.77,236.88
59.58,1,Clay,2338.21,35.47,43.4,193,45536.99,59.58
14.11,10,Gravel,1661.34,-18.33,91.56,362,94583.56,141.1
135.08,9,Clay,2239.78,22.11,71.36,461,457852.31,1215.72
89.32,8,Clay,4189.49,45.79,81.99,229,698003.64,714.56
98.18,6,Sand,4336.08,41.3,97.23,280,138050.9,589.08
11.27,9,Clay,2509.32,-19.55,64.53,350,81747.51,101.43
129.59,5,Gravel,3083.19,29.97,91.71,202,64555.26,647.95
90.95,9,Clay,344.14,40.56,92.22,459,383564.34,818.55
100.32,6,Clay,3228.16,20.23,57.88,445,572787.07,601.92
95.18,5,Gravel,1537.06,7.47,61.0,341,183164.39,475.9
23.73,5,Clay,2340.02,34.62,11.63,247,63946.42,118.65
154.96,7,Clay,2853.68,-24.06,66.24,106,217583.98,1084.72
49.3,7,Clay,2959.43,30.97,58.03,289,153379.69,345.1
67.77,5,Gravel,3226.24,-3.1,53.3,175,298608.17,338.85
145.56,5,Clay,4040.68,18.55,56.42,442,262626.63,727.8
159.92,3,Gravel,645.01,8.66,26.3,290,219370.26,479.76
144.09,2,Clay,1179.73,46.88,37.58,211,68808.74,288.18
88.61,3,Sand,2524.56,7.17,82.5,40,251788.86,265.83
35.14,2,Gravel,1364.13,-8.33,85.47,147,44746.57,70.28
60.3,7,Clay,3398.84,32.16,20.08,248,350642.69,422.1
144.48,8,Gravel,719.9,33.58,54.39,493,83463.21,1155.84
155.16,4,Gravel,592.06,17.3,73.19,352,425188.05,620.64
20.48,5,Clay,3527.44,39.55,18.52,146,30800.9,102.4
31.39,9,Clay,1119.9,4.41,26.18,169,195906.56,282.51
60.86,7,Sand,4169.71,23.69,13.38,162,253699.17,426.02
151.43,10,Sand,597.99,32.2,47.73,154,559170.42,1514.3
195.15,6,Sand,441.97,17.32,41.28,342,1150315.58,1170.9
164.47,4,Clay,2584.71,29.25,83.38,288,335578.01,657.88
66.67,6,Gravel,3018.96,-28.18,33.43,346,89428.47,400.02
40.72,8,Clay,1857.17,41.25,91.91,198,142998.87,325.76
150.32,9,Gravel,4340.96,-13.57,46.28,447,966673.35,1352.88
103.73,7,Sand,4874.55,12.72,84.73,391,377540.89,726.11
88.53,5,Sand,2295.14,4.92,43.39,466,162572.07,442.65
21.51,1,Sand,4643.46,46.09,24.81,313,14145.62,21.51
139.29,10,Gravel,4935.88,19.88,78.49,410,863639.79,1392.9
75.43,10,Sand,1303.12,33.3,88.17,452,715966.47,754.3
190.39,1,Sand,366.55,33.57,71.92,403,104969.62,190.39
197.84,7,Sand,4921.27,-20.25,62.91,43,1027871.78,1384.88
127.97,9,Clay,2576.76,26.62,28.31,162,936782.63,1151.73
115.82,10,Sand,3777.61,31.65,33.41,157,587774.92,1158.2
67.4,7,Gravel,4188.51,-2.12,44.09,169,173452.55,471.8
62.84,8,Gravel,1344.3,37.95,33.18,72,397887.8,502.72
133.56,1,Gravel,4605.03,-11.77,81.43,48,50756.81,133.56
131.66,6,Clay,1733.2,46.34,93.06,409,378509.33,789.96
42.94,7,Sand,2124.52,-26.59,99.85,165,250298.98,300.58
176.59,7,Sand,3091.15,18.76,84.42,354,825116.78,1236.13
162.28,4,Gravel,3709.07,-18.28,90.17,113,642583.36,649.12
132.54,8,Sand,4584.33,-11.82,91.26,464,206666.97,1060.32
88.99,1,Clay,4840.94,7.69,80.91,82,33392.61,88.99
72.5,5,Clay,1265.17,5.11,45.78,151,297837.25,362.5
174.4,2,Sand,3895.92,-0.54,57.18,487,35908.96,348.8
143.55,2,Sand,254.08,-12.26,93.34,148,262997.96,287.1
115.67,8,Gravel,3364.82,31.78,47.41,151,879277.07,925.36
119.9,1,Clay,1029.16,-5.16,37.5,36,49475.54,119.9
21.92,2,Gravel,4851.85,-24.39,47.4,461,21647.32,43.84
148.71,4,Gravel,3174.51,40.48,51.78,148,548787.49,594.84
153.88,10,Clay,3165.46,3.5,36.33,438,227249.98,1538.8
100.21,8,Sand,288.6,-8.83,15.2,476,171006.36,801.68
106.42,6,Sand,1342.48,0.32,24.09,30,239368.38,638.52
89.87,9,Gravel,285.09,-1.73,99.44,176,661137.64,808.83
47.99,6,Sand,4181.25,45.0,53.94,178,266612.28,287.94
177.33,8,Clay,215.97,36.34,78.9,243,840260.47,1418.64
38.06,5,Gravel,2568.51,-15.94,25.0,69,130140.46,190.3
49.39,8,Clay,4207.11,43.32,69.58,214,365754.68,395.12
82.76,10,Sand,3791.79,-19.22,35.83,256,189594.88,827.6
71.67,2,Gravel,2128.97,-23.74,22.13,256,101923.34,143.34
67.88,2,Gravel,3951.73,44.37,84.44,87,20973.56,135.76
110.53,3,Gravel,1088.68,27.92,44.64,349,159285.89,331.59
126.31,3,Sand,3622.59,-21.41,33.61,257,119544.84,378.93
145.83,4,Clay,3409.22,46.66,58.39,245,344683.79,583.32
183.88,9,Gravel,3270.31,-14.97,94.4,296,605948.96,1654.92
164.52,4,Clay,4057.07,-1.01,60.31,232,309554.25,658.08
22.62,9,Clay,760.92,12.05,72.06,42,49846.56,203.58
174.71,6,Clay,1010.69,38.59,46.31,166,179231.49,1048.26
69.29,7,Sand,3557.42,48.36,22.26,305,116067.68,485.03
48.91,9,Clay,4595.64,41.03,68.16,283,74172.01,440.19
28.04,3,Sand,385.51,-22.77,34.69,393,19267.69,84.12
77.41,1,Sand,1568.72,40.07,82.15,61,57405.71,77.41
87.85,2,Sand,1234.88,8.44,42.96,35,141888.29,175.7
187.53,8,Sand,2504.85,0.16,50.45,485,882321.15,1500.24
142.71,2,Clay,133.7,49.99,32.66,365,54606.55,285.42
173.01,1,Sand,777.73,32.28,30.96,325,150875.1,173.01
10.03,5,Gravel,2357.69,30.96,48.78,350,9694.5,50.15
102.87,10,Clay,4069.5,38.1,53.91,383,895195.31,1028.7
51.99,6,Clay,4635.02,2.27,73.63,262,166048.78,311.94
40.39,2,Clay,1666.48,-28.3,54.72,305,74089.8,80.78
161.04,3,Clay,1933.19,44.16,36.02,101,263527.47,483.12
185.18,8,Gravel,2199.86,48.01,22.04,62,481142.08,1481.44
85.44,1,Sand,2624.8,-5.51,94.03,199,57267.87,85.44
101.72,2,Clay,3583.6,-18.07,96.31,424,185085.64,203.44
189.58,8,Sand,4581.29,1.26,83.0,266,772864.58,1516.64
155.34,10,Gravel,1128.22,39.16,82.75,72,1253904.48,1553.4
162.9,4,Gravel,3835.71,-26.1,71.57,316,471797.5,651.6
197.8,7,Sand,278.35,41.99,16.7,146,685280.08,1384.6
146.98,4,Gravel,368.24,-0.87,31.87,290,427094.48,587.92
191.94,5,Clay,1128.76,11.73,58.82,40,168398.56,959.7
45.09,1,Clay,2185.26,46.71,11.47,42,3218.07,45.09
115.09,4,Sand,3357.62,-26.01,47.93,403,120761.64,460.36
52.79,4,Gravel,3324.82,-3.4,55.53,125,158264.42,211.16
46.53,6,Clay,2355.17,38.72,32.47,97,32245.29,279.18
179.2,9,Clay,3184.04,-23.74,66.12,60,1403426.3,1612.8
164.3,6,Sand,2149.47,-19.56,88.82,217,83832.43,985.8
25.25,3,Sand,3206.24,-4.65,95.97,34,19591.98,75.75
153.55,6,Clay,3630.13,11.19,85.45,253,480199.99,921.3
19.61,6,Sand,3482.54,1.22,18.06,177,91348.87,117.66
65.57,9,Sand,2063.71,-16.06,68.48,219,264454.96,590.13
39.27,3,Sand,2646.76,-0.35,23.45,443,18273.51,117.81
63.83,9,Sand,3405.75,-2.5,99.21,239,560642.51,574.47
99.73,8,Clay,416.9,-15.29,28.28,36,520407.1,797.84
59.41,7,Gravel,2703.8,37.72,84.0,205,37465.73,415.87
164.63,5,Sand,620.97,-0.61,36.35,308,302145.44,823.15
55.52,3,Gravel,2332.89,-2.01,73.72,300,142027.38,166.56
65.0,7,Gravel,270.98,27.72,80.75,490,407661.8,455.0
159.35,6,Clay,2862.79,45.42,92.86,191,458583.8,956.1
105.17,6,Sand,734.72,34.9,16.36,81,92141.54,631.02
182.14,3,Sand,353.39,29.28,56.53,117,54549.11,546.42
195.92,6,Clay,4685.39,-7.46,89.45,72,446979.72,1175.52
193.9,3,Gravel,575.96,-26.7,16.23,162,385050.5,581.7
115.44,1,Gravel,3667.99,-25.99,41.02,267,105590.66,115.44
64.53,6,Clay,2516.64,47.13,37.38,458,365230.77,387.18
174.0,3,Clay,3458.66,-1.2,95.93,462,140637.24,522.0
121.71,9,Gravel,3648.42,-2.29,12.6,221,406510.18,1095.39
158.94,4,Sand,1994.3,43.56,29.29,286,382536.79,635.76
137.03,1,Clay,2781.53,20.88,64.23,436,85720.49,137.03
21.81,9,Sand,3085.95,-26.79,52.35,149,99785.98,196.29
84.1,7,Sand,4301.59,-3.74,93.34,269,338478.95,588.7
101.15,9,Clay,2804.88,-2.67,57.91,323,57406.67,910.35
11.51,3,Clay,4504.36,-12.13,42.7,85,8147.7,34.53
36.58,8,Gravel,2037.0,38.7,18.17,111,137657.86,292.64
158.44,3,Gravel,4680.55,15.59,94.18,346,127290.7,475.32
155.55,4,Sand,3346.56,4.23,73.92,323,303583.82,622.2
79.84,10,Sand,2607.92,-23.59,51.05,76,291855.12,798.4
188.28,9,Gravel,2386.37,36.79,24.04,350,714426.58,1694.52
89.34,2,Gravel,1682.46,22.75,81.59,267,131378.04,178.68
81.06,6,Gravel,474.8,-25.49,22.16,315,173411.66,486.36
64.69,4,Clay,2848.24,-23.33,41.49,339,233572.3,258.76
40.44,10,Sand,2783.33,23.86,58.73,236,100008.12,404.4
134.03,8,Clay,898.32,-15.48,84.93,497,584595.97,1072.24
76.94,10,Sand,3737.4,33.53,85.66,76,338643.72,769.4
160.35,3,Gravel,359.53,40.38,63.58,358,324545.19,481.05
193.22,7,Gravel,1588.89,-4.22,47.53,37,1070346.05,1352.54
34.48,7,Sand,1432.07,-1.36,62.37,151,112032.07,241.36
59.29,10,Clay,1321.58,12.51,15.34,116,410423.17,592.9
21.19,10,Gravel,4043.62,-13.29,96.65,94,35065.21,211.9
186.37,4,Sand,3070.94,34.83,83.91,368,254447.23,745.48
30.67,8,Clay,3779.63,49.06,12.74,371,129179.59,245.36
85.1,4,Sand,3357.41,9.32,93.13,71,22854.46,340.4
189.83,8,Clay,3150.15,15.09,38.9,495,1036350.31,1518.64
14.38,2,Gravel,759.09,41.99,46.37,187,15240.79,28.76
48.31,2,Clay,232.09,22.64,27.22,413,83133.78,96.62
34.06,5,Sand,2356.54,40.28,39.7,343,102025.03,170.3
185.63,4,Clay,2351.92,-6.56,93.74,464,286070.68,742.52
131.28,1,Sand,420.33,-16.31,17.49,388,83579.41,131.28
121.16,3,Clay,4002.23,-5.03,12.65,397,183059.43,363.48
100.91,4,Clay,3623.3,-11.54,29.79,404,168128.17,403.64
185.43,5,Sand,4339.56,38.69,97.65,267,264450.99,927.15
198.16,7,Clay,4478.18,11.95,19.79,474,559675.18,1387.12
104.18,4,Clay,2013.94,37.62,90.77,390,241068.35,416.72
34.74,10,Sand,2670.78,8.45,25.17,424,294890.49,347.4
155.09,6,Clay,216.5,7.5,74.92,187,111125.09,930.54
152.32,8,Gravel,2397.73,38.79,63.36,179,1098470.91,1218.56
47.18,4,Gravel,825.65,1.43,34.65,339,59205.24,188.72
72.07,7,Sand,2123.37,-19.62,76.47,305,119105.04,504.49
143.59,3,Sand,2921.38,-22.39,98.77,315,421228.44,430.77
181.36,3,Gravel,743.55,16.69,98.67,31,262164.95,544.08
166.93,6,Sand,2649.05,30.93,65.41,133,408524.45,1001.58
129.64,10,Sand,3035.89,27.02,35.85,82,971133.24,1296.4
131.54,9,Sand,2546.66,0.46,13.31,465,785893.62,1183.86
109.17,8,Gravel,2797.53,-2.33,85.81,325,641718.73,873.36
29.42,4,Sand,2762.95,-19.37,83.15,442,66483.32,117.68
196.04,2,Sand,387.06,13.89,42.61,387,112158.4,392.08
86.26,6,Clay,1412.82,39.96,87.25,347,159144.52,517.56
153.28,1,Clay,2641.0,21.9,41.77,286,56557.25,153.28
86.06,6,Clay,3533.82,-20.46,96.76,243,72935.85,516.36
10.04,7,Clay,1839.87,23.11,86.86,110,61967.98,70.28
59.56,9,Gravel,2281.66,5.28,61.7,397,68924.02,536.04
141.47,6,Gravel,3903.49,15.27,72.83,224,120608.83,848.82
119.13,8,Clay,760.58,38.26,62.01,60,94608.28,953.04
175.06,2,Gravel,4066.04,36.33,64.56,187,109948.18,350.12
35.51,4,Clay,1805.1,43.58,64.59,476,110457.41,142.04
174.26,10,Gravel,1738.73,11.55,59.0,350,425490.64,1742.6
65.7,6,Sand,4851.84,0.2,15.22,258,200943.45,394.2
190.53,5,Clay,1329.04,34.14,66.78,225,805341.73,952.65
139.26,10,Gravel,4913.07,29.38,81.67,265,810270.38,1392.6
198.17,8,Gravel,3056.13,24.37,68.68,227,873612.63,1585.36
85.1,10,Gravel,2779.4,49.13,66.72,321,557132.68,851.0
58.0,4,Sand,529.52,47.65,99.2,44,25687.04,232.0
76.82,1,Gravel,1754.84,1.16,80.89,173,5854.45,76.82
57.37,10,Gravel,4424.21,8.46,67.41,360,346147.63,573.7
162.24,8,Sand,1097.7,-20.76,44.34,191,454596.48,1297.92
154.99,7,Gravel,1124.11,18.26,91.41,384,833497.47,1084.93
92.35,4,Gravel,1445.68,35.82,22.39,296,146825.42,369.4
157.26,3,Gravel,3142.51,6.94,41.93,322,222982.1,471.78
151.45,9,Clay,4550.09,15.59,55.86,92,1010619.79,1363.05
119.16,9,Gravel,4052.3,-14.6,71.64,222,869116.1,1072.44
166.96,10,Gravel,4720.87,9.81,84.27,293,719447.34,1669.6
140.3,4,Clay,1532.27,-1.01,61.44,151,518307.48,561.2
177.23,4,Sand,3264.72,44.55,97.99,228,320396.39,708.92
63.02,3,Clay,4753.88,-6.35,75.3,211,113354.7,189.06
185.32,9,Clay,3831.72,-18.12,38.56,187,415452.23,1667.88
71.76,8,Clay,1624.82,16.82,19.77,113,293779.7,574.08
141.85,7,Clay,1006.65,11.15,81.39,463,618985.17,992.95
191.21,8,Clay,4500.68,11.09,29.16,302,972968.26,1529.68
125.51,3,Gravel,1875.62,47.76,29.47,101,184074.22,376.53
126.65,9,Sand,3477.6,-3.68,56.97,330,394798.45,1139.85
120.35,4,Sand,3616.82,36.85,23.59,242,269896.91,481.4
198.14,3,Gravel,4411.46,16.26,76.31,306,584344.58,594.42
157.11,9,Gravel,3987.63,42.25,17.37,247,1367031.39,1413.99
19.43,6,Sand,307.33,33.95,84.82,289,22847.35,116.58
10.07,10,Sand,1664.88,2.19,21.12,157,47638.15,100.7
16.32,4,Sand,2381.52,48.7,21.47,337,50452.3,65.28
73.03,9,Clay,3229.51,-11.84,59.13,69,265990.6,657.27
171.79,9,Clay,1151.45,20.8,41.51,456,1443958.51,1546.11
99.64,2,Gravel,1264.79,-29.74,31.83,243,101979.55,199.28
29.3,1,Sand,4475.64,-5.79,53.49,70,2933.81,29.3
29.35,2,Clay,3830.54,-4.43,31.02,349,38710.3,58.7
118.42,1,Gravel,4869.89,33.73,52.03,282,32813.0,118.42
60.49,8,Sand,666.85,-4.99,81.43,67,119692.77,483.92
165.88,4,Clay,2200.5,13.16,32.28,339,189216.0,663.52
172.46,8,Sand,1397.45,-21.8,34.25,443,1002503.08,1379.68
142.04,8,Sand,3258.96,43.89,15.62,403,424392.79,1136.32
36.01,1,Gravel,397.13,-12.33,69.6,416,35345.26,36.01
120.07,7,Clay,146.08,30.97,21.59,277,603992.92,840.49
67.99,10,Sand,619.13,-3.89,61.02,45,601827.08,679.9
103.77,2,Gravel,3512.17,-26.69,11.01,383,67919.54,207.54
81.89,10,Gravel,3915.57,26.32,58.06,107,90791.44,818.9
100.49,10,Clay,199.46,42.8,11.28,389,824580.74,1004.9
74.9,5,Clay,4316.65,-2.61,10.8,213,89771.4,374.5
14.37,9,Sand,3633.91,-11.49,15.72,169,22145.18,129.33
174.9,7,Gravel,3413.99,4.28,42.18,264,766191.43,1224.3
23.92,5,Gravel,1440.66,8.74,19.91,270,70555.63,119.6
177.94,9,Clay,3443.94,21.76,93.08,231,854475.0,1601.46
92.76,10,Clay,681.07,-24.89,92.93,378,846397.9,927.6
191.78,8,Sand,3490.52,46.63,41.09,491,573483.57,1534.24
107.64,7,Clay,3992.73,42.93,22.97,339,659279.93,753.48
31.65,5,Clay,2234.19,37.59,18.55,287,97023.08,158.25
158.69,1,Gravel,819.14,-28.68,68.35,498,83931.14,158.69
173.49,3,Gravel,4021.66,35.93,44.06,77,476073.91,520.47
132.81,7,Gravel,3170.57,7.73,55.21,201,58801.63,929.67
24.91,7,Gravel,1986.52,8.73,21.28,96,167892.15,174.37
71.4,9,Gravel,4209.61,-14.69,77.83,369,534418.29,642.6
16.4,10,Clay,1722.46,-10.31,31.49,431,123667.48,164.0
112.24,10,Gravel,4443.52,37.97,96.26,145,791886.87,1122.4
95.92,9,Gravel,1358.38,17.17,26.81,339,322797.66,863.28
72.44,8,Gravel,3748.45,3.54,66.25,299,48111.75,579.52
11.4,7,Gravel,4094.57,11.69,84.66,330,32982.14,79.8
165.43,2,Gravel,809.26,25.42,43.68,117,313340.96,330.86
173.22,8,Clay,4080.53,29.2,46.41,94,192468.21,1385.76
95.33,10,Gravel,4106.94,17.8,63.31,483,624678.42,953.3
93.13,9,Gravel,3007.58,39.09,41.32,110,71864.7,838.17
33.05,1,Clay,1065.35,32.57,49.59,135,19067.87,33.05
83.02,1,Gravel,2075.81,5.35,91.56,79,46734.45,83.02
160.09,8,Gravel,543.05,-27.06,30.23,371,361841.82,1280.72
139.28,4,Gravel,4774.8,36.86,42.55,494,58035.19,557.12
195.25,5,Sand,1550.96,-19.25,30.67,262,971954.5,976.25
114.93,2,Sand,683.78,-22.25,85.38,70,157107.01,229.86
183.81,5,Gravel,4961.95,1.69,96.4,305,718375.43,919.05
100.7,2,Clay,1225.06,-14.86,64.38,96,46787.23,201.4
62.68,6,Sand,117.23,13.38,19.56,378,208886.11,376.08
147.88,3,Clay,2257.91,-27.27,92.18,413,311368.73,443.64
97.67,7,Sand,1687.33,24.16,61.2,353,321696.66,683.69
160.14,3,Gravel,2050.57,47.82,80.67,276,60859.61,480.42
32.32,1,Clay,1247.61,-29.74,79.66,195,26907.05,32.32
177.98,5,Gravel,2961.91,-10.41,14.09,403,59712.29,889.9
86.12,6,Sand,3155.6,-26.77,36.87,500,468370.51,516.72
190.66,3,Clay,4858.5,21.54,75.3,204,98512.12,571.98
47.14,7,Sand,2444.36,-6.77,77.79,120,191259.71,329.98
157.67,5,Sand,2183.59,-28.68,28.55,328,712952.21,788.35
37.72,10,Gravel,756.31,-21.14,15.79,252,174986.85,377.2
163.14,1,Sand,3549.33,-12.2,28.83,147,78550.28,163.14
25.94,7,Sand,1247.24,-0.52,18.28,47,80536.18,181.58
121.19,1,Sand,629.08,-23.54,60.99,236,61398.49,121.19
38.46,10,Gravel,4663.83,40.98,80.96,377,309653.0,384.6
173.48,6,Gravel,650.78,14.37,11.04,427,136594.68,1040.88
20.76,10,Gravel,1764.96,12.16,29.16,209,179798.21,207.6
146.45,7,Gravel,2845.1,0.27,14.8,374,277918.16,1025.15
62.86,6,Sand,1703.22,-7.04,30.37,147,107056.87,377.16
78.23,10,Gravel,188.02,15.78,85.01,403,69022.33,782.3
14.4,1,Gravel,2154.41,-6.98,88.14,151,12846.67,14.4
52.14,6,Gravel,3163.32,31.23,50.92,326,52873.09,312.84
71.69,2,Clay,3465.67,25.17,73.51,250,30498.36,143.38
51.94,2,Sand,240.84,17.5,69.67,294,49823.96,103.88
123.61,10,Clay,3314.07,9.68,91.27,382,1188510.15,1236.1
77.97,6,Sand,2433.23,1.89,96.51,455,427264.68,467.82
123.17,1,Clay,2599.8,0.14,46.3,237,45258.82,123.17
87.67,2,Sand,1764.18,42.13,41.03,452,51732.31,175.34
188.55,1,Gravel,1886.02,-13.24,80.94,294,114106.69,188.55
162.16,10,Sand,3883.38,-8.13,78.74,136,109441.78,1621.6
119.42,2,Sand,1329.85,-6.72,43.65,67,40717.44,238.84
82.04,9,Gravel,721.97,37.79,94.64,367,131391.16,738.36
155.94,5,Gravel,3685.11,44.17,56.84,467,106928.06,779.7
197.48,1,Sand,3406.96,-13.79,99.65,97,107907.02,197.48
107.16,4,Sand,4467.05,44.91,65.09,52,52366.95,428.64
101.25,4,Sand,584.12,48.41,96.04,481,298250.1,405.0
22.47,5,Gravel,2190.97,23.72,43.2,113,71889.39,112.35
34.62,3,Gravel,645.75,4.17,94.86,158,88435.75,103.86
93.64,6,Clay,4881.73,42.38,88.18,290,40907.57,561.84
19.15,9,Sand,3658.2,-5.24,81.31,180,28561.84,172.35
60.84,4,Gravel,3838.19,20.78,42.63,200,119445.96,243.36
129.41,1,Clay,1170.37,44.98,43.61,385,44369.51,129.41
139.96,2,Gravel,4867.15,11.65,84.53,351,242503.09,279.92
182.99,8,Clay,836.2,46.21,83.04,321,101449.66,1463.92
118.74,8,Sand,1338.35,4.21,74.56,314,909956.87,949.92
190.08,4,Gravel,1733.74,11.29,52.16,72,45033.75,760.32
22.38,10,Gravel,747.71,48.61,69.12,251,52170.02,223.8
170.79,9,Gravel,1051.25,-13.68,59.25,203,902729.33,1537.11
127.56,8,Sand,3513.14,-15.79,28.25,74,463808.16,1020.48
67.11,9,Gravel,4121.74,-28.12,54.65,425,128027.76,603.99
168.65,7,Sand,3861.73,-8.54,77.91,120,1172581.29,1180.55
189.19,9,Clay,3734.56,-14.93,40.69,104,1435146.15,1702.71
123.03,5,Clay,4625.47,5.23,79.1,311,306221.67,615.15
143.49,5,Clay,2992.36,3.87,70.1,34,481208.06,717.45
158.11,4,Clay,1802.92,15.88,20.41,102,35619.02,632.44
58.62,8,Sand,3046.45,47.93,92.63,394,371242.8,468.96
60.38,4,Sand,1209.54,17.72,73.36,37,38338.88,241.52
170.96,8,Clay,1848.43,27.86,52.43,453,903735.59,1367.68
17.1,2,Gravel,2143.06,3.16,16.96,260,2019.85,34.2
53.54,1,Sand,4516.6,-16.43,87.48,272,31184.37,53.54
